,Global CO2 flux from cont. arcs (Mt C/yr),Global CO2 flux from cont. arcs (Mt C/yr),Global CO2 flux from cont. arcs (Mt C/yr)
Age (Ma),min,mean,max
3,6.7,6.73,6.73
4,6.7187,6.760157368,6.751055409
5,6.7612,6.808798283,6.801187335
6,6.8037,6.857439199,6.851319261
7,6.8462,6.906080114,6.901451187
8,6.89450116,6.95472103,6.951583113
9,6.950185615,7.003361946,7.00171504
10,7.00587007,7.052002861,7.051846966
11,7.061554524,7.106346154,7.101978892
12,7.116793785,7.164038462,7.156840149
13,7.169053672,7.221730769,7.21260223
14,7.221313559,7.279423077,7.268364312
15,7.273573446,7.337115385,7.324126394
16,7.325833333,7.394807692,7.379888476
17,7.37809322,7.461937173,7.439124767
18,7.430353107,7.53,7.502439479
19,7.483156997,7.598062827,7.56575419
20,7.546296928,7.666125654,7.629068901
21,7.60943686,7.734188482,7.692383613
22,7.672576792,7.80055794,7.7556917
23,7.735716724,7.859213162,7.818932806
24,7.798856655,7.917868383,7.882173913
25,7.863571429,7.976523605,7.94541502
26,7.935,8.035178827,8.008656126
27,8.006428571,8.093834049,8.072531646
28,8.077857143,8.15248927,8.156919831
29,8.149285714,8.217170923,8.241308017
30,8.220714286,8.307544204,8.325696203
31,8.292251521,8.397917485,8.410084388
32,8.367302231,8.488290766,8.496107056
33,8.442352941,8.578664047,8.586131387
34,8.517403651,8.669662921,8.676155718
35,8.592454361,8.766292135,8.766180049
36,8.672195122,8.862921348,8.859421053
37,8.794146341,8.959550562,8.967315789
38,8.916097561,9.056179775,9.075210526
39,9.029189189,9.185039164,9.183105263
40,9.137297297,9.331253264,9.311621622
41,9.245405405,9.477467363,9.473783784
42,9.353513514,9.623681462,9.630631579
43,9.502014388,9.771194969,9.759578947
44,9.653093525,9.918993711,9.888526316
45,9.808705882,10.06679245,10.01747368
46,9.988117647,10.21691906,10.17135135
47,10.16752941,10.36835509,10.36954955
48,10.34694118,10.51979112,10.56119874
49,10.49447439,10.67122715,10.7126183
50,10.6319407,10.84727273,10.86403785
51,10.76940701,11.02909091,11.01545741
52,10.90779412,11.21090909,11.18217666
53,11.06367647,11.37900524,11.34936909
54,11.21955882,11.5386911,11.51656151
55,11.37544118,11.69837696,11.68524355
56,11.62919355,11.85806283,11.85429799
57,11.86318919,12.03043887,12.02335244
58,11.99291892,12.20598746,12.18987382
59,12.12264865,12.38153605,12.3507571
60,12.25237838,12.55193211,12.51164038
61,12.40210526,12.71903394,12.67496503
62,12.56,12.88613577,12.85328671
63,12.72566802,13.0532376,13.03160839
64,12.91595142,13.19318386,13.1962069
65,13.10623482,13.32547085,13.32551724
66,13.26462783,13.45775785,13.45482759
67,13.41349515,13.59004484,13.58413793
68,13.56236246,13.72017937,13.71804598
69,13.69419048,13.84573991,13.85310345
70,13.818,13.97130045,13.98816092
71,13.94180952,14.09686099,14.11531532
72,14.06561905,14.22242152,14.22567568
73,14.18942857,14.33968566,14.33603604
74,14.31972222,14.45559921,14.4463964
75,14.45861111,14.57151277,14.55675676
76,14.5975,14.68742633,14.68139241
77,14.73638889,14.80333988,14.80797468
78,14.87145833,14.92360784,14.93455696
79,14.975625,15.04517647,15.05737864
80,15.07979167,15.1667451,15.17873786
81,15.18395833,15.28831373,15.30009709
82,15.288125,15.40988235,15.42145631
83,15.41240741,15.53412556,15.53636569
84,15.54203704,15.6596861,15.64697517
85,15.67166667,15.78524664,15.75758465
86,15.8012963,15.91080717,15.86819413
87,15.91954054,16.03265169,15.98002874
88,16.02494595,16.14051685,16.09784483
89,16.13035135,16.24838202,16.21566092
90,16.23575676,16.35624719,16.33347701
91,16.3325,16.46411236,16.42810526
92,16.42665584,16.55719057,16.51231579
93,16.52081169,16.64559921,16.59652632
94,16.60729242,16.73400786,16.68073684
95,16.69032491,16.8224165,16.76494737
96,16.7733574,16.91082515,16.84776156
97,16.85280576,16.96952781,16.93048662
98,16.93194245,17.01359916,17.01321168
99,17.00808664,17.05767051,17.09593674
100,17.06584838,17.10174187,17.13989914
101,17.12361011,17.14581322,17.17592219
102,17.17376744,17.18988458,17.21194524
103,17.21097674,17.23395593,17.2479683
104,17.24818605,17.27802728,17.28399135
105,17.28539535,17.32209864,17.32001441
106,17.31739535,17.35503285,17.35603746
107,17.28018605,17.31955322,17.33474124
108,17.24297674,17.28407359,17.3063606
109,17.20576744,17.24859396,17.27797997
110,17.16855814,17.21311432,17.24959933
111,17.10978261,17.17763469,17.2212187
112,17.04456522,17.14215506,17.19283806
113,16.97913043,17.10667543,17.1249711
114,16.89217391,17.05051919,17.05271676
115,16.80521739,16.97602709,16.98046243
116,16.72097826,16.90153499,16.90391534
117,16.6448913,16.82704289,16.82190476
118,16.56880435,16.74860759,16.73989418
119,16.4873913,16.63468354,16.6578836
120,16.40043478,16.52075949,16.56705202
121,16.31347826,16.40683544,16.4716763
122,16.2184898,16.31512415,16.37630058
123,16.12053061,16.2248307,16.28208092
124,16.01652174,16.13453725,16.19248555
125,15.89695652,16.04424379,16.10289017
126,15.7964,15.95625282,16.0132948
127,15.72003636,15.87047404,15.92724382
128,15.64367273,15.78469526,15.84243816
129,15.545,15.69891648,15.75763251
130,15.43630435,15.61404063,15.69222222
131,15.33222826,15.53954853,15.62873016
132,15.22921824,15.46505643,15.5652381
133,15.15104235,15.39056433,15.50174603
134,15.07286645,15.31607223,15.45589065
135,14.99469055,15.2666858,15.42767196
136,14.94213849,15.23081779,15.39945326
137,14.891222,15.19494978,15.37123457
138,14.8403055,15.15908178,15.34301587
139,14.789389,15.12321377,15.31479718
140,14.73918478,15.08734577,15.33632135
141,14.71201087,15.05147776,15.36803383
142,14.68483696,15.05287066,15.3997463
143,14.65766304,15.07179811,15.43145877
144,14.63048913,15.09072555,15.46596491
145,14.60331522,15.109653,15.52561404
146,14.58321006,15.12858044,15.58526316
147,14.56989645,15.14750789,15.64740506
148,14.55658284,15.1706993,15.71702532
149,14.54326923,15.20216783,15.78664557
150,14.52995562,15.23363636,15.86054054
151,14.51664201,15.2651049,15.97765766
152,14.5033284,15.29657343,16.09477477
153,14.49476744,15.32804196,16.1787747
154,14.4877907,15.36440945,16.25782609
155,14.48081395,15.40377953,16.34359684
156,14.47383721,15.44314961,16.44241107
157,14.46686047,15.48251969,16.5412253
158,14.45988372,15.52188976,16.63363636
159,14.45290698,15.56125984,16.72454545
160,14.44593023,15.59686441,16.80994723
161,14.4372093,15.62228814,16.88118734
162,14.41860465,15.64771186,16.95242744
163,14.4,15.67313559,17.02366755
164,14.38139535,15.69855932,17.08956897
165,14.3627907,15.72398305,17.14991379
166,14.34418605,15.74940678,17.21025862
167,14.3255814,15.77483051,17.27023055
168,14.29069767,15.79966825,17.2932853
169,14.24883721,15.76649289,17.31634006
170,14.20697674,15.73331754,17.33939481
171,14.16511628,15.70014218,17.33755043
172,14.11717391,15.66696682,17.31449568
173,14.0601087,15.63379147,17.29144092
174,14.00304348,15.60061611,17.26441489
175,13.94597826,15.52564669,17.18462766
176,13.86543478,15.43100946,17.10115079
177,13.77576087,15.33637224,17.00194444
178,13.68608696,15.24269231,16.9027381
179,13.59568627,15.14993213,16.7737766
180,13.48784314,15.05717195,16.63015957
181,13.38,14.96441176,16.45910828
182,13.27215686,14.86363636,16.28501767
183,13.15658754,14.68181818,16.12600707
184,13.04086053,14.5,15.96699647
185,12.92513353,14.33466667,15.79117021
186,12.81121662,14.18228571,15.58904255
187,12.69845697,14.02990476,15.40319149
188,12.58569733,13.88031646,15.23297872
189,12.47019608,13.73474684,15.04265957
190,12.34601307,13.58917722,14.84053191
191,12.22183007,13.44756329,14.64638298
192,12.10077151,13.31781646,14.45489362
193,11.99394659,13.18806962,14.26390909
194,11.88712166,13.055,14.073
195,11.78029674,12.88833333,13.86826923
196,11.67,12.72166667,13.662
197,11.55888889,12.575,13.49836364
198,11.44777778,12.44342105,13.33472727
199,11.35315217,12.31184211,13.15685259
200,11.26402174,12.18026316,12.97756972
201,11.1748913,12.06670185,12.81262948
202,11.08576087,11.95852243,12.66920319
203,11.00409769,11.85034301,12.52577689
204,10.96474898,11.74216359,12.38691489
205,10.92540027,11.70131579,12.24936599
206,10.88605156,11.66184211,12.18596542
207,10.84670285,11.62236842,12.12256484
208,10.80735414,11.58289474,12.05916427
209,10.76800543,11.54342105,12.01855932
210,10.72865672,11.50394737,11.99737288
211,10.73811146,11.46447368,11.97618644
212,10.76133127,11.44815451,11.955
213,10.78455108,11.46961373,11.93381356
214,10.8077709,11.49107296,11.94669683
215,10.83099071,11.51253219,11.96705882
216,10.85421053,11.53399142,11.98742081
217,10.88474255,11.55545064,12.00778281
218,10.93081301,11.57690987,12.03403509
219,10.97688347,11.60668919,12.06912281
220,11.02295393,11.64948198,12.10421053
221,11.07215777,11.69227477,12.14444444
222,11.12320186,11.73506757,12.18888889
223,11.17424594,11.77786036,12.23333333
224,11.22529002,11.8218239,12.27964912
225,11.27559165,11.86584906,12.32877193
226,11.32431555,11.90987421,12.37789474
227,11.37303944,11.95389937,12.42610759
228,11.42176334,11.99792453,12.47357595
229,11.47025031,12.04194969,12.5210443
230,11.4952816,12.0778084,12.56461095
231,11.52031289,12.10799213,12.60207493
232,11.54534418,12.13817585,12.6395389
233,11.57037547,12.16835958,12.67700288
234,11.59540676,12.19854331,12.69570732
235,11.62043805,12.22872703,12.71278049
236,11.64546934,12.25891076,12.72985366
237,11.66934959,12.28909449,12.74692683
238,11.63682927,12.25015798,12.7326455
239,11.60430894,12.20908373,12.71148148
240,11.57178862,12.16800948,12.69031746
241,11.53926829,12.12693523,12.66757925
242,11.50202899,12.08586098,12.60706052
243,11.42231884,12.04478673,12.54654179
244,11.3426087,11.96518987,12.48602305
245,11.24549091,11.86392405,12.40191083
246,11.11458182,11.76265823,12.3
247,10.98367273,11.65568421,12.19808917
248,10.8417757,11.54252632,12.09526012
249,10.69224299,11.42936842,11.99121387
250,10.54618182,11.31621053,11.88716763
251,10.40436364,11.15587302,11.78312139
252,10.26254545,10.97333333,11.64716561
253,10.12362319,10.79551451,11.51022293
254,9.985942029,10.64248021,11.37328025
255,9.84826087,10.48944591,11.23561837
256,9.665355191,10.33641161,11.09780919
257,9.482040816,10.19118734,10.96
258,9.31877551,10.05926121,10.81987261
259,9.155510204,9.927335092,10.67974522
260,8.974901961,9.795408971,10.53961783
261,8.79010929,9.647936508,10.39909814
262,8.637103825,9.489206349,10.25851459
263,8.477346939,9.329556962,10.11793103
264,8.301836735,9.155506329,9.977074468
265,8.126326531,8.981455696,9.833457447
266,7.971106557,8.807405063,9.689840426
267,7.819467213,8.66651715,9.546223404
268,7.668691589,8.529313984,9.410895954
269,7.519158879,8.392110818,9.292398844
270,7.378338762,8.25780543,9.173901734
271,7.261074919,8.146945701,9.055404624
272,7.143811075,8.036085973,8.924615385
273,7.032750583,7.925226244,8.79198939
274,6.946503497,7.814366516,8.659363395
275,6.86025641,7.724315789,8.531053678
276,6.774009324,7.643614035,8.441590457
277,6.687762238,7.562912281,8.352127237
278,6.625597826,7.482210526,8.262664016
279,6.565815217,7.401508772,8.173200795
280,6.506032609,7.320807018,8.083318182
281,6.447197697,7.245315789,7.987863636
282,6.391535509,7.169877193,7.892409091
283,6.335873321,7.094438596,7.796954545
284,6.280211132,7.019,7.7015
285,6.224548944,6.943561404,7.613180212
286,6.169349315,6.87121643,7.528374558
287,6.136815068,6.806445498,7.443568905
288,6.104280822,6.741674566,7.354444444
289,6.071746575,6.676903633,7.264497354
290,6.039212329,6.612132701,7.174550265
291,6.006678082,6.547361769,7.085384615
292,5.976093023,6.482590837,7.008461538
293,5.954387597,6.435862069,6.931538462
294,5.932682171,6.389885057,6.854615385
295,5.910976744,6.343908046,6.781118531
296,5.889271318,6.297931034,6.716010017
297,5.867565891,6.251954023,6.650901503
298,5.845860465,6.205977011,6.585792988
299,5.835472868,6.16,6.520684474
300,5.829271318,6.14002103,6.45557596
301,5.823069767,6.120042061,6.396904762
302,5.816868217,6.100063091,6.353253968
303,5.810666667,6.080084122,6.309603175
304,5.804465116,6.060105152,6.265952381
305,5.803472868,6.040126183,6.222301587
306,5.815875969,6.020147213,6.184278729
307,5.82827907,6.000168244,6.162273839
308,5.840682171,5.980189274,6.140268949
309,5.853085271,5.982346457,6.118264059
310,5.865488372,6.007543307,6.102693069
311,5.877891473,6.032740157,6.118534653
312,5.916725664,6.057937008,6.134376238
313,5.960973451,6.083133858,6.150217822
314,6.005221239,6.108330709,6.166059406
315,6.051428571,6.138494382,6.184827586
316,6.10012987,6.199168539,6.225057471
317,6.148831169,6.259842697,6.265287356
318,6.202300885,6.320516854,6.305517241
319,6.264247788,6.381191011,6.377918552
320,6.32619469,6.451053812,6.46841629
321,6.388141593,6.525044843,6.545294118
322,6.453089431,6.599035874,6.604117647
323,6.518130081,6.673026906,6.662941176
324,6.597682927,6.750157303,6.721764706
325,6.691178862,6.837797753,6.780982456
326,6.784045307,6.925438202,6.87922807
327,6.864951456,7.013078652,6.977473684
328,6.945857605,7.100719101,7.071678832
329,7.026763754,7.169133858,7.144671533
330,7.104805195,7.232125984,7.217664234
331,7.182727273,7.29511811,7.290656934
332,7.260649351,7.358110236,7.36282167
333,7.32400722,7.421102362,7.419255079
334,7.385379061,7.465688073,7.475688488
335,7.445714286,7.502385321,7.532121896
336,7.497662338,7.539082569,7.588555305
337,7.54961039,7.575779817,7.62619403
338,7.601242604,7.612477064,7.652313433
339,7.642662722,7.649174312,7.678432836
340,7.68408284,7.68587156,7.704552239
341,7.725502959,7.718230648,7.730671642
342,7.720348837,7.692954186,7.742238806
343,7.690116279,7.667677725,7.71238806
344,7.659883721,7.642401264,7.682537313
345,7.629651163,7.617124803,7.652686567
346,7.584320652,7.591848341,7.622835821
347,7.510951087,7.56657188,7.592985075
348,7.437581522,7.494637224,7.507857143
349,7.364211957,7.406309148,7.416587302
350,7.252336449,7.317981073,7.323652174
351,7.121495327,7.218337731,7.228
352,7.013913043,7.110158311,7.132347826
353,6.926956522,7.001978892,7.036695652
354,6.84,6.893799472,6.924840989
355,6.71,6.796049661,6.811766784
356,6.567142857,6.701241535,6.699417989
357,6.430816327,6.606433409,6.593597884
358,6.308367347,6.511625282,6.487777778
359,6.185918367,6.405672823,6.381957672
360,6.046393443,6.279023747,6.269203187
361,5.905797101,6.15237467,6.141713147
362,5.800724638,6.025725594,6.014223108
363,5.695652174,5.888102767,5.895547703
364,5.581956522,5.741857708,5.778939929
365,5.446086957,5.596487342,5.662332155
366,5.3204,5.479398734,5.521278539
367,5.207672727,5.362310127,5.379726027
368,5.094945455,5.245221519,5.272253968
369,4.983959184,5.136392405,5.17384127
370,4.873755102,5.028797468,5.075428571
371,4.767469388,4.921202532,4.994770318
372,4.673591837,4.835507901,4.92409894
373,4.579714286,4.758758465,4.853427562
374,4.524360902,4.682009029,4.798857143
375,4.47924812,4.605259594,4.748063492
376,4.434135338,4.544633596,4.697269841
377,4.389022556,4.525467869,4.660682927
378,4.356853526,4.506302142,4.631414634
379,4.327920434,4.487136415,4.602146341
380,4.298987342,4.467970688,4.572878049
381,4.27005425,4.448804961,4.557777778
382,4.241121157,4.429639233,4.553809524
383,4.220763791,4.410473506,4.54984127
384,4.223592645,4.391307779,4.545873016
385,4.226421499,4.386917885,4.541904762
386,4.229250354,4.403790776,4.547679325
387,4.232079208,4.420663667,4.562447257
388,4.234908062,4.437536558,4.57721519
389,4.237736917,4.454409449,4.591983122
390,4.244338395,4.47128234,4.606751055
391,4.266030369,4.488155231,4.632478386
392,4.287722343,4.505028121,4.66129683
393,4.309414317,4.521901012,4.690115274
394,4.331106291,4.548015748,4.721613833
395,4.355324675,4.582661417,4.75907781
396,4.381298701,4.617307087,4.796541787
397,4.407272727,4.651952756,4.834005764
398,4.433246753,4.686598425,4.875461741
399,4.459220779,4.721244094,4.9176781
400,4.495770065,4.75743007,4.959894459
401,4.532646421,4.801136364,5.002554745
402,4.569522777,4.844842657,5.053649635
403,4.606399132,4.888548951,5.104744526
404,4.641693735,4.932255245,5.155839416
405,4.674176334,4.975961538,5.206934307
406,4.706658933,5.020669291,5.258029197
407,4.739141531,5.06660105,5.309124088
408,4.771626898,5.112532808,5.360218978
409,4.804164859,5.158464567,5.411313869
410,4.83670282,5.204396325,5.470369393
411,4.869240781,5.250328084,5.531055409
412,4.901778742,5.296259843,5.591741425
413,4.942,5.342191601,5.653333333
414,4.992,5.40938918,5.736666667
415,5.042,5.480942408,5.82
416,5.092,5.552495637,5.903333333
417,5.139396752,5.624048866,6.003797468
418,5.183480278,5.695602094,6.117721519
419,5.227563805,5.766824147,6.216837945
420,5.271647332,5.835065617,6.315652174
421,5.318428928,5.903307087,6.416245059
422,5.383266833,5.971548556,6.519011858
423,5.448104738,6.045811518,6.621778656
424,5.512942643,6.134816754,6.73503937
425,5.577100592,6.22382199,6.849212598
426,5.636272189,6.312827225,6.968144796
427,5.695443787,6.403062827,7.094841629
428,5.754615385,6.494685864,7.218491228
429,5.811474926,6.586308901,7.327263158
430,5.867522124,6.677931937,7.436035088
431,5.923569322,6.76258427,7.541438596
432,5.978181818,6.843483146,7.639684211
433,6.03012987,6.924382022,7.737929825
434,6.082077922,7.005280899,7.84056962
435,6.136097561,7.081685393,7.948164557
436,6.195718157,7.14011236,8.055759494
437,6.255338753,7.198539326,8.153470032
438,6.31495935,7.256966292,8.229179811
439,6.361070746,7.315393258,8.30488959
440,6.397399618,7.352637795,8.378868778
441,6.433728489,7.382821522,8.442217195
442,6.470057361,7.413005249,8.505565611
443,6.506386233,7.443188976,8.533144796
444,6.534188034,7.473372703,8.558031674
445,6.546153846,7.50355643,8.582918552
446,6.558119658,7.533740157,8.60780543
447,6.57008547,7.557095926,8.605583039
448,6.582051282,7.534756899,8.577314488
449,6.594017094,7.512417871,8.549045936
450,6.593670886,7.490078844,8.508873239
451,6.581012658,7.467739816,8.463098592
452,6.56835443,7.445400788,8.417323944
453,6.555696203,7.423061761,8.343333333
454,6.543037975,7.400722733,8.263968254
455,6.530379747,7.355699208,8.184603175
456,6.509559387,7.289736148,8.079255319
457,6.48848659,7.223773087,7.962234043
458,6.467413793,7.157810026,7.845212766
459,6.446340996,7.093963964,7.737773852
460,6.425268199,7.030900901,7.631766784
461,6.401203008,6.967837838,7.526183746
462,6.376140351,6.904774775,7.430777385
463,6.351077694,6.841015801,7.335371025
464,6.326015038,6.775553047,7.236666667
465,6.298790698,6.710090293,7.125555556
466,6.270883721,6.64462754,7.014444444
467,6.242976744,6.579164786,6.914136364
468,6.215069767,6.511760722,6.818681818
469,6.186093023,6.444040632,6.710700637
470,6.155860465,6.376320542,6.589681529
471,6.125627907,6.308600451,6.492101911
472,6.095395349,6.259041262,6.405632911
473,6.067767442,6.233555825,6.336012658
474,6.053813953,6.208070388,6.277051793
475,6.039860465,6.182584951,6.2212749
476,6.025906977,6.157099515,6.175197889
477,6.011953488,6.131614078,6.156728232
478,6.012155388,6.106128641,6.138258575
479,6.014661654,6.080643204,6.119788918
480,6.01716792,6.06523622,6.117460317
481,6.019674185,6.092795276,6.133333333
482,6.038017751,6.120354331,6.149206349
483,6.058727811,6.147913386,6.18306962
484,6.07943787,6.175472441,6.217879747
485,6.100594595,6.203031496,6.252689873
486,6.122216216,6.230590551,6.304507042
487,6.143837838,6.258149606,6.36084507
488,6.165459459,6.299460674,6.417183099
489,6.188013029,6.351146067,6.501306306
490,6.210814332,6.402831461,6.586891892
491,6.233615635,6.454516854,6.670592885
492,6.259512195,6.508503937,6.753596838
493,6.286612466,6.579370079,6.837679558
494,6.313712737,6.65023622,6.926077348
495,6.3409,6.721102362,7.018838174
496,6.3709,6.791968504,7.118423237
497,6.4009,6.862167832,7.218008299
498,6.4309,6.916363636,7.326166667
499,6.460904872,6.970559441,7.4345
500,6.491067285,7.024755245,7.53017301
501,6.521229698,7.078951049,7.616678201
502,6.551392111,7.133146853,7.703183391
503,6.581554524,7.189489194,7.795519288
504,6.608741866,7.250392927,7.890474777
505,6.634772234,7.31129666,7.985430267
506,6.660802603,7.372200393,8.078486647
507,6.686832972,7.433104126,8.167507418
508,6.711892925,7.490454545,8.25652819
509,6.729101338,7.535909091,8.345548961
510,6.746309751,7.581363636,8.417857143
511,6.763518164,7.626818182,8.489285714
512,6.780726577,7.672272727,8.560714286
513,6.79793499,7.717727273,8.622702079
514,6.802728682,7.751244094,8.67812933
515,6.805829457,7.773291339,8.733556582
516,6.808930233,7.795338583,8.788983834
517,6.812031008,7.817385827,8.83625
518,6.815131783,7.839433071,8.860288462
519,6.818232558,7.861480315,8.884326923
520,6.816006192,7.88,8.908365385
521,6.806718266,7.88,8.932403846
522,6.797430341,7.88,8.956442308
523,6.788142415,7.88,8.980320513
524,6.778854489,7.88,8.996346154
525,6.769566563,7.88,9.012371795
526,6.760278638,7.88,9.028397436
527,6.747369792,7.88,9.044423077
528,6.734348958,7.88,9.060448718
529,6.721328125,7.88,9.076474359
530,6.708307292,7.88,9.090833333
531,6.695286458,7.880704356,9.104722222
532,6.682265625,7.882557924,9.118611111
533,6.669244792,7.884411492,9.1325
534,6.655846354,7.88626506,9.146388889
535,6.641523438,7.888118628,9.160277778
536,6.627200521,7.889972196,9.174166667
537,6.612877604,7.891825765,9.187260083
538,6.598554688,7.893679333,9.199777469
539,6.584231771,7.895532901,9.212294854
540,6.569908854,7.897386469,9.224812239
541,6.555585938,7.899240037,9.237329624
542,6.543951841,7.904650901,9.24984701
543,6.534036827,7.912533784,9.262364395
544,6.524121813,7.920416667,9.280340909
545,6.514206799,7.92829955,9.306856061
546,6.504291785,7.936182432,9.333371212
547,6.494376771,7.944065315,9.359886364
548,6.484461756,7.951948198,9.386401515
549,6.48198915,7.959831081,9.415142857
550,6.485605787,7.967713964,9.461896104
551,6.489222423,7.991330472,9.508649351
552,6.49283906,8.021373391,9.555402597
553,6.496455696,8.051416309,9.602380952
554,6.500252708,8.081459227,9.65
555,6.512888087,8.111502146,9.697619048
556,6.525523466,8.141545064,9.745238095
557,6.538158845,8.171587983,9.80074184
558,6.550794224,8.204944882,9.857121662
559,6.563429603,8.239590551,9.913501484
560,6.574339964,8.27423622,9.971744792
561,6.583381555,8.30888189,10.03164063
562,6.592423146,8.343527559,10.09153646
563,6.601464738,8.378173228,10.15143229
564,6.610506329,8.412191977,10.21122078
565,6.61954792,8.445143266,10.27096104
566,6.627723577,8.478094556,10.3307013
567,6.635853659,8.511045845,10.39044156
568,6.64398374,8.543997135,10.4459375
569,6.652113821,8.576948424,10.500625
570,6.660243902,8.609899713,10.5553125
571,6.668373984,8.636610169,10.61
572,6.676504065,8.653559322,10.65398148
573,6.676292683,8.670508475,10.69796296
574,6.669788618,8.687457627,10.74194444
575,6.663284553,8.70440678,10.78592593
576,6.656780488,8.721355932,10.81315476
577,6.650276423,8.738305085,10.8325
578,6.643772358,8.755254237,10.85184524
579,6.631446029,8.76794835,10.87119048
580,6.61107943,8.752166428,10.89053571
581,6.590712831,8.736384505,10.90988095
582,6.570346232,8.720602582,10.92922619
583,6.549979633,8.70482066,10.90688604
584,6.516992481,8.689038737,10.88280899
585,6.471879699,8.673256815,10.85873194
586,6.426766917,8.65241535,10.8346549
587,6.381654135,8.605011287,10.81057785
588,6.3275,8.557607223,10.7865008
589,6.265,8.51020316,10.74007812
590,6.2025,8.462799097,10.68539063
591,6.14,8.401045365,10.63070313
592,6.072934783,8.333984221,10.57601563
593,6.005,8.266923077,10.50889552
594,5.937065217,8.199861933,10.44023881
595,5.868695652,8.132800789,10.37158209
596,5.798043478,8.060835214,10.30131343
597,5.727391304,7.986343115,10.22967164
598,5.65673913,7.911851016,10.15802985
599,5.584391691,7.837358916,10.08638806
600,5.510207715,7.764545455,10.01474627
601,5.436023739,7.697351779,9.943104478
602,5.361839763,7.630158103,9.871462687
603,5.287655786,7.562964427,9.805169713
604,5.21347181,7.495770751,9.739895561
605,5.139287834,7.428964912,9.67462141
606,5.074023669,7.364052632,9.609373368
607,5.011893491,7.299140351,9.546710183
608,4.949763314,7.23422807,9.484046997
609,4.892,7.169315789,9.421383812
610,4.842,7.104403509,9.361070496
611,4.792,7.056881068,9.311462141
612,4.742,7.028968447,9.261853786
613,4.692,7.001055825,9.212245431
614,4.6598778,6.973143204,9.174885177
615,4.633401222,6.945230583,9.160271399
616,4.606924644,6.917317961,9.14565762
617,4.580448065,6.88940534,9.131043841
618,4.553971487,6.861492718,9.116430063
619,4.553068592,6.842014011,9.117291667
620,4.5566787,6.850770578,9.1303125
621,4.560288809,6.859527145,9.143333333
622,4.563898917,6.868283713,9.156354167
623,4.567509025,6.87704028,9.18
624,4.575046512,6.885796848,9.207777778
625,4.591325581,6.904878398,9.235555556
626,4.607604651,6.933490701,9.270545455
627,4.623883721,6.962103004,9.306909091
628,4.640225,6.990715308,9.343272727
629,4.662725,7.019327611,9.379636364
630,4.685225,7.047939914,9.418671875
631,4.707725,7.076552217,9.457734375
632,4.730232019,7.107464183,9.496796875
633,4.753433875,7.140415473,9.53625
634,4.776635731,7.173366762,9.577916667
635,4.799837587,7.206318052,9.619583333
636,4.823039443,7.239269341,9.66125
637,4.848495935,7.27222063,9.702199074
638,4.874918699,7.30517192,9.741550926
639,4.901341463,7.329811123,9.780902778
640,4.927764228,7.347649528,9.82025463
641,4.954186992,7.365487933,9.859606481
642,4.970883721,7.383326338,9.879038462
643,4.984837209,7.401164743,9.898269231
644,4.998790698,7.419003148,9.9175
645,5.012744186,7.436841553,9.936730769
646,5.026697674,7.454679958,9.955961538
647,5.040651163,7.472518363,9.975192308
648,5.04522604,7.489538835,9.967847222
649,5.030759494,7.466480583,9.951643519
650,5.016292948,7.44342233,9.935439815
651,5.001826401,7.420364078,9.919236111
652,4.987359855,7.397305825,9.890522648
653,4.972893309,7.374247573,9.845226481
654,4.949175705,7.35118932,9.799930314
655,4.923145336,7.328131068,9.746944444
656,4.897114967,7.305072816,9.687916667
657,4.871084599,7.258947368,9.628888889
658,4.843391304,7.206315789,9.565343284
659,4.808608696,7.153684211,9.499671642
660,4.773826087,7.101052632,9.434
661,4.739043478,7.048421053,9.362372093
662,4.70426087,6.994565561,9.278651163
663,4.663327306,6.926635071,9.194930233
664,4.618119349,6.858704581,9.111209302
665,4.572911392,6.790774092,9.027424594
666,4.527703436,6.722843602,8.941577726
667,4.482495479,6.654913112,8.855730858
668,4.437221269,6.586982622,8.769883991
669,4.390909091,6.518275862,8.684037123
670,4.344596913,6.449310345,8.596372093
671,4.298284734,6.380344828,8.508
672,4.251972556,6.31137931,8.419627907
673,4.205660377,6.242413793,8.331255814
674,4.160306513,6.173448276,8.240522193
675,4.11816092,6.104482759,8.146527415
676,4.076015326,6.046342105,8.052532637
677,4.033869732,5.991078947,7.958537859
678,3.991724138,5.935815789,7.874940334
679,3.949642857,5.880552632,7.798568019
680,3.913928571,5.825289474,7.722195704
681,3.878214286,5.770026316,7.645823389
682,3.8425,5.714763158,7.571106095
683,3.806785714,5.65975,7.498871332
684,3.771071429,5.605802632,7.426636569
685,3.735357143,5.551855263,7.354401806
686,3.698648208,5.497907895,7.282167043
687,3.661188925,5.443960526,7.21877712
688,3.623729642,5.390013158,7.15566075
689,3.586270358,5.336065789,7.092544379
690,3.548811075,5.282118421,7.029428008
691,3.511351792,5.232728298,6.966311637
692,3.476034188,5.186505073,6.899051919
693,3.443555556,5.140281849,6.831331828
694,3.411076923,5.094058625,6.763611738
695,3.378598291,5.0478354,6.695891648
696,3.346119658,5.001612176,6.629491228
697,3.313641026,4.955388952,6.564578947
698,3.282153846,4.909165727,6.499666667
699,3.251384615,4.862942503,6.434754386
700,3.220615385,4.817669903,6.369842105
701,3.189846154,4.77276699,6.304929825
702,3.159076923,4.727864078,6.23826087
703,3.128307692,4.682961165,6.171067194
704,3.09793953,4.638058252,6.103873518
705,3.072183651,4.59315534,6.036679842
706,3.046427772,4.548252427,5.969486166
707,3.020671892,4.503349515,5.916403785
708,2.994916013,4.462142052,5.869085174
709,2.969160134,4.424937993,5.821766562
710,2.943404255,4.387733935,5.77444795
711,2.917648376,4.350529876,5.727129338
712,2.891892497,4.313325817,5.679810726
713,2.867416974,4.276121759,5.635387046
714,2.850196802,4.2389177,5.595892575
715,2.83297663,4.201713641,5.556398104
716,2.815756458,4.164509583,5.516903633
717,2.798536285,4.141980719,5.477409163
718,2.781316113,4.128834356,5.437914692
719,2.764095941,4.115687993,5.399605911
720,2.746875769,4.10254163,5.389753695
721,2.729884058,4.089395267,5.379901478
722,2.724086957,4.076248904,5.370049261
723,2.718289855,4.063102542,5.360197044
724,2.712492754,4.049956179,5.350344828
725,2.706695652,4.036809816,5.340492611
726,2.700898551,4.023663453,5.330640394
727,2.695101449,4.01051709,5.320788177
728,2.690134078,4.000300075,5.310935961
729,2.691251397,4.00180045,5.301083744
730,2.692368715,4.003300825,5.300934874
731,2.693486034,4.0048012,5.301985294
732,2.694603352,4.006301575,5.303035714
733,2.69572067,4.00780195,5.304086134
734,2.696837989,4.009302326,5.305136555
735,2.697955307,4.010802701,5.306186975
736,2.699072626,4.012303076,5.307237395
737,2.701101036,4.013803451,5.308287815
738,2.70757772,4.015303826,5.309338235
739,2.714054404,4.016804201,5.314240688
740,2.720531088,4.018304576,5.325702006
741,2.727007772,4.019804951,5.337163324
742,2.733484456,4.031142857,5.348624642
743,2.73996114,4.043950739,5.36008596
744,2.746437824,4.056758621,5.371547278
745,2.752459016,4.069566502,5.383008596
746,2.757923497,4.082374384,5.394913386
747,2.763387978,4.095182266,5.407511811
748,2.768852459,4.107990148,5.420110236
749,2.77431694,4.12079803,5.432708661
750,2.779781421,4.133605911,5.445307087